tag_id,tag_ko,tag_en,tag_ja
1,태그_1,tag_1,タグ_1
2,태그_2,tag_2,タグ_2
3,태그_3,tag_3,タグ_3
4,태그_4,tag_4,タグ_4
5,태그_5,tag_5,タグ_5
6,태그_6,tag_6,タグ_6
7,태그_7,tag_7,タグ_7
8,태그_8,tag_8,タグ_8
9,태그_9,tag_9,タグ_9
10,태그_10,tag_10,タグ_10
11,태그_11,tag_11,タグ_11
12,태그_12,tag_12,タグ_12
13,태그_13,tag_13,タグ_13
14,태그_14,tag_14,タグ_14
15,태그_15,tag_15,タグ_15
16,태그_16,tag_16,タグ_16
17,태그_17,tag_17,タグ_17
18,태그_18,tag_18,タグ_18
19,태그_19,tag_19,タグ_19
20,태그_20,tag_20,タグ_20
21,태그_21,tag_21,タグ_21
22,태그_22,tag_22,タグ_22
23,태그_23,tag_23,タグ_23
24,태그_24,tag_24,タグ_24
25,태그_25,tag_25,タグ_25
26,태그_26,tag_26,タグ_26
27,태그_27,tag_27,タグ_27
28,태그_28,tag_28,タグ_28
29,태그_29,tag_29,タグ_29
30,태그_30,tag_30,タグ_30
